{"wine_glass3": {"h": 1.1786361932754517, "w": 1.1786364316940308}, "thermos2": {"h": 2.001481533050537, "w": 1.4730712175369263}, "scissors2": {"h": 3.750002861022949, "w": 2.130356788635254}, "glass1": {"h": 1.512373447418213, "w": 1.5122108459472656}, "knife1": {"h": 3.9999990463256836, "w": 0.4623944163322449}, "chopping_board3": {"h": 6.000009536743164, "w": 2.519559860229492}, "soda_can": {"h": 1.3187313079833984, "w": 1.32160484790802}, "spoon1": {"h": 3.8000097274780273, "w": 0.6514800786972046}, "chopping_board1": {"h": 5.0, "w": 5.0}, "glass3": {"h": 1.1130471229553223, "w": 1.1130473613739014}, "glass5": {"h": 1.8382152318954468, "w": 1.8382152318954468}, "coffee_maker2": {"h": 4.224336624145508, "w": 4.203093528747559}, "plate2": {"h": 4.706524848937988, "w": 4.706524848937988}, "thermos1": {"h": 1.044912338256836, "w": 1.0506702661514282}, "mug1": {"h": 2.550482749938965, "w": 1.728866696357727}, "toaster1": {"h": 4.841709613800049, "w": 2.66599702835083}, "food_box2": {"h": 2.896665573120117, "w": 2.8657994270324707}, "fork1": {"h": 3.999983787536621, "w": 0.4395201802253723}, "pan1": {"h": 7.3224639892578125, "w": 4.000000476837158}, "scissors1": {"h": 2.499955892562866, "w": 0.9205628633499146}, "knife2": {"h": 3.79998517036438, "w": 0.42700546979904175}, "coffee_maker1": {"h": 2.6236929893493652, "w": 3.9230284690856934}, "blender1": {"h": 4.9889936447143555, "w": 3.8889055252075195}, "food_box1": {"h": 3.3085265159606934, "w": 3.5694098472595215}, "bowl3": {"h": 2.866992473602295, "w": 2.8465795516967773}, "kettle1": {"h": 4.122974395751953, "w": 3.686206817626953}, "wine_glass2": {"h": 0.66709303855896, "w": 0.66709303855896}, "mug2": {"h": 2.25465726852417, "w": 1.5659105777740479}, "toaster2": {"h": 3.81817626953125, "w": 2.439366579055786}, "mug3": {"h": 2.455540418624878, "w": 1.76795494556427}, "pot1": {"h": 5.534132957458496, "w": 4.465490341186523}, "chopping_board2": {"h": 4.999998569488525, "w": 3.4785118103027344}, "pan2": {"h": 5.7257513999938965, "w": 3.500006675720215}, "blender2": {"h": 1.8730016946792603, "w": 3.053431272506714}, "bowl1": {"h": 2.6849050521850586, "w": 2.6849052906036377}, "wine_glass1": {"h": 0.978155255317688, "w": 0.9781553745269775}, "kettle2": {"h": 4.6191511154174805, "w": 3.478095054626465}, "bowl2": {"h": 2.729048252105713, "w": 2.729050874710083}, "baking_tray1": {"h": 3.353599786758423, "w": 5.0}, "fork2": {"h": 3.7999978065490723, "w": 0.47454914450645447}, "baking_tray2": {"h": 3.587078094482422, "w": 5.000002384185791}, "pot2": {"h": 4.7451982498168945, "w": 2.7365355491638184}, "plate1": {"h": 4.058884620666504, "w": 4.058884620666504}, "glass2": {"h": 1.2456037998199463, "w": 1.2456036806106567}, "spoon2": {"h": 3.6999926567077637, "w": 0.8677456378936768}, "glass4": {"h": 1.459259033203125, "w": 1.4592595100402832}}