{"knife1": {"w": 0.477342426776886, "h": 4.129308223724365}, "spoon1": {"w": 0.6514800786972046, "h": 3.8000097274780273}, "toaster1": {"w": 3.5252671241760254, "h": 6.402227401733398}, "bowl3": {"w": 3.3210086822509766, "h": 3.3448238372802734}, "wine_glass3": {"w": 1.5000698566436768, "h": 1.5000696182250977}, "glass2": {"w": 1.4532058238983154, "h": 1.4532058238983154}, "pot1": {"w": 8.340002059936523, "h": 6.7295451164245605}, "chopping_board1": {"w": 8.0, "h": 8.0}, "scissors2": {"w": 3.000002384185791, "h": 1.7042853832244873}, "coffee_maker1": {"w": 2.6236929893493652, "h": 3.9230284690856934}, "chopping_board2": {"w": 5.5656280517578125, "h": 8.00001049041748}, "glass3": {"w": 1.391312599182129, "h": 1.3913124799728394}, "plate1": {"w": 4.058884620666504, "h": 4.058884620666504}, "pan1": {"w": 9.637496948242188, "h": 5.264620304107666}, "pot2": {"w": 2.7365355491638184, "h": 4.7451982498168945}, "soda_can": {"w": 1.32160484790802, "h": 1.3187313079833984}, "kettle1": {"w": 6.437812805175781, "h": 5.75582218170166}, "wine_glass1": {"w": 1.2449238300323486, "h": 1.244923710823059}, "pan2": {"w": 5.000001430511475, "h": 3.0563740730285645}, "food_box2": {"w": 3.5752193927764893, "h": 3.6137266159057617}, "food_box1": {"w": 3.3085265159606934, "h": 3.5694098472595215}, "thermos2": {"w": 1.4730712175369263, "h": 2.001481294631958}, "scissors1": {"w": 6.793276786804199, "h": 5.9638471603393555}, "wine_glass2": {"w": 0.7782750129699707, "h": 0.7782750129699707}, "mug3": {"w": 2.455540418624878, "h": 1.76795494556427}, "bowl1": {"w": 3.13468599319458, "h": 3.134685516357422}, "baking_tray2": {"w": 6.969440937042236, "h": 4.999983310699463}, "bowl2": {"w": 3.1838884353637695, "h": 3.1838855743408203}, "baking_tray1": {"w": 5.963747978210449, "h": 4.000004768371582}, "thermos1": {"w": 1.0506702661514282, "h": 1.044912338256836}, "glass1": {"w": 1.098822832107544, "h": 1.0989409685134888}, "mug1": {"w": 2.550482749938965, "h": 1.728866696357727}, "coffee_maker2": {"w": 4.352732181549072, "h": 4.330843448638916}, "mug2": {"w": 2.25465726852417, "h": 1.5659105777740479}, "fork2": {"w": 0.47454917430877686, "h": 3.7999978065490723}, "plate2": {"w": 4.706524848937988, "h": 4.706524848937988}, "blender2": {"w": 3.053431272506714, "h": 1.8730016946792603}, "chopping_board3": {"w": 5.039119720458984, "h": 10.000015258789062}, "glass5": {"w": 1.8382152318954468, "h": 1.8382152318954468}, "glass4": {"w": 1.5000054836273193, "h": 1.5000051259994507}, "toaster2": {"w": 3.104649543762207, "h": 4.859498977661133}, "knife2": {"w": 0.3932960331439972, "h": 3.5}, "fork1": {"w": 0.4395201802253723, "h": 3.999983787536621}, "blender1": {"w": 3.8889055252075195, "h": 4.9889936447143555}, "spoon2": {"w": 0.8208426833152771, "h": 3.500002384185791}, "kettle2": {"w": 6.137354850769043, "h": 4.621261119842529}}